{
  "welcomeFile": "/index.html",
  "authenticationMethod": "route",
  "logout": {
    "logoutEndpoint": "/do/logout"
  },
  "routes": [
    {
        "csrfProtection": false,
        "source": "^/v2/catalog/",
        "destination": "capdemogru",
        "authenticationType": "xsuaa"
    },
    {
        "csrfProtection": false,
        "source": "^/catalog/",
        "destination": "capdemogru",
        "authenticationType": "xsuaa"
    },
    {
      "source": "^(.*)$",
      "target": "$1",
      "service": "html5-apps-repo-rt",
      "authenticationType": "xsuaa"
    }
  ]
}
